"Section","Group","Field","Type","Value","Time Line","P&P","Default Value","Department","Roles","Notices","Notice Process","QC / Acknoledgment","Escalation and Notes","Task","Task responsible role","Task due date","Task action","Mandatory Field","Parent Field","Fill only for Role","Task Rule"
"Wholesale","Cancellation","Reason for PASS","Option","3","4","","","Acquisition Team","Closing Coordinator Acquisition","","","","","","","","","Reason for PASS","","",""
"Wholesale","Commission Calculator","Amount paid to ON","Number","3","11","","","Acquisition Team ","Acquisition Manager","","","","","","","","","","","",""
"Wholesale","Commission Calculator","Asset Manager Percentage (%)","Option","3","11","","","Acquisition Team","Acquisition Manager","","","","","","","","","","","",""
"Wholesale","Commission Calculator","Due Diligence Fees (Amount) ","Duplicate from Due Diligence > Required Inspection > Due Diligence Fees (Amount) ","","","","","","","","","","","","","","","","","",""
"Wholesale","Commission Calculator"," Explanation of Other Costs and Credits","Duplicate from Wholesale > Other Costs and Credits  > Explanation of Other Costs and Credits","","","","","","","","","","","","","","","","","",""
"Wholesale","Commission Calculator","Final Sale Price","Duplicate from Acquisition Information > Final Acquisition Contract Terms > Contract Purchase Price","","","","","","","","","","","","","","","","","",""
"Wholesale","Commission Calculator","Forecasted Wholesale Fee","Duplicate from Wholesale > General > Forecasted Wholesale Fee","","","","","","","","","","","","","","","","","",""
"Wholesale","Commission Calculator","Gross Wholesale Fee ","Duplicate from Accounting > Estimated & Final Accounting > Gross Wholesale Fee ","","","","","","","","","","","","","","","","","","[{"value":"*","task":{"role":"Closing Coordinator Acquisition","name":"Prepare Assignment Agreement ","message":"Prepare Assignment Agreement ","duedate":"0","actiontype":"Task","dependfield":""}}]"
"Wholesale","Commission Calculator","Intent For Property","Duplicate from Acquisition Information > General > Intent For Property","","","","","","","","","","","","","","","","","",""
"Wholesale","Commission Calculator","Investor Offer Price","Duplicate from Wholesale > Investor / Buyer Information  > Investors Offer Price ","","","","","","","","","","","","","","","","","",""
"Wholesale","Commission Calculator","Jr ON Commission Percentage ","Option","3","11","","","Acquisition Team","Acquisition Manager","","","","","","","","","","","",""
"Wholesale","Commission Calculator","Lead Source","Duplicate from Acquisition Information > General > Lead Source","","","","","","","","","","","","","","","","","",""
"Wholesale","Commission Calculator","Net to Company","Number","3","11","","","Acquisition Team ","Acquisition Manager","","","","","","","","","","","",""
"Wholesale","Commission Calculator","ON Commission Percentage ","Option","3","11","","","Acquisition Team","Acquisition Manager","","","","","","","","","","","",""
"Wholesale","Commission Calculator","Other Cost or Credits Outside of Escrow/Contract","Duplicate from Acquisition Information > Other Cost or Credits > Other Cost or Credits Outside of Escrow/Contract","","","","","","","","","","","","","","","","","",""
"Wholesale","Commission Calculator","TC Fee","Number","3","11","","","Acquisition Team","Acquisition Manager","","","","","","","","","","","",""
"Wholesale","Commission Calculator","Wholesale Fee Status","Option","3","11","","","Acquisition Team ","Acquisition Manager","","","","","","","","","","","",""
"Wholesale","Commission Calculator","Wholesale Fee Status Date","Date","3","11","","","Acquisition Team ","Acquisition Manager","","","","","","","","","","","",""
"Wholesale","Confidence Score","Area Desirability","Option","3","1.1","","","Acquisition Team ","Disposition Manager","","","","","","","","","","","",""
"Wholesale","Confidence Score","ARV Confidence","Option","1","1.1","","","Acquisition Team","Disposition Manager","","","","","","","","","","","",""
"Wholesale","Confidence Score","Buyer Feedback","Link to webpage","1","1.1","","","Acquisition Team ","Analyst","","","","","","","","","","","",""
"Wholesale","Confidence Score","Days in the MLS from acceptance Date","Option","3","1.1","","","Acquisition Team ","Disposition Manager","","","","","","","","","","","",""
"Wholesale","Confidence Score","Deal Sent Date","Date","1","1.1","","","Acquisition Team ","Analyst","","","","","","","","","","","","[{"value":"*","task":{"role":"Acquisition Manager","name":"Deal has been sent","message":"Deal has been sent -  check out %=field(Wholesale,Confidence Score,Buyer Feedback)%","duedate":"0","actiontype":"FYI","dependfield":""}},{"value":"*","task":{"role":"Disposition Manager","name":"Deal has been sent","message":"Deal has been sent -  check out %=field(Wholesale,Confidence Score,Buyer Feedback)%","duedate":"0","actiontype":"FYI","dependfield":""}},{"value":"*","task":{"role":"Offer Negotiator","name":"Deal has been sent","message":"Deal has been sent -  check out %=field(Wholesale,Confidence Score,Buyer Feedback)%","duedate":"0","actiontype":"FYI","dependfield":""}}]"
"Wholesale","Confidence Score","Detail description for wholesaling  ","Text","3","1.1","","","Acquisition Team ","Disposition Manager","","","","","","","","","","","",""
"Wholesale","Confidence Score","Disposition Manager Approval Status","Option","KPI","1.1","","","Acquisition Team ","Disposition Manager","","","","","","","","","","","","[{"value":"Approved Ready to send","task":{"role":"Super Administrator","name":"New Wholesale Property Approved to be sent","message":"New Wholesale Property Approved to be sent ","duedate":"0","actiontype":"FYI"}},{"value":"Approved Ready to send","task":{"role":"Offer Negotiator","name":"New Wholesale Property Approved to be sent","message":"New Wholesale Property Approved to be sent ","duedate":"0","actiontype":"FYI"}},{"value":"Approved Ready to send","task":{"role":"Closing Coordinator Acquisition","name":"New Wholesale Property Approved to be sent","message":"New Wholesale Property Approved to be sent ","duedate":"0","actiontype":"FYI"}},{"value":"Approved Ready to send","task":{"role":"Field Analyst","name":"New property Ready to package and send","message":"Package and send sample to DM for approval -  Check %=field(Wholesale,Confidence Score,Short description for wholesaling)% for wording - make sure it goes out ASAP and before noon....    Follow instructions - %=link(Wholesale,Confidence Score,Buyer Feedback, https://docs.google.com/document/d/1YqJrzUDlGTK1I0-ZymD0nVwiIuWRjlC4VEzr2lFUsLU/edit)%","duedate":"0","actiontype":"Task"}},{"value":"Approved Ready to send","task":{"role":"Acquisition Manager","name":"Approve EMD to be sent","message":"Call Dispositon Manager to find out status of wholesale -  Approve EMD  %=link(AM EMD Hard Approval, https://docs.google.com/document/d/1q_nW98Amuskgvaz_DMoQ7TivR4q9A-ZTBXr5rf4iU2w/edit)%","duedate":"-1","actiontype":"Call","dependfield":"13308"}},{"value":"Approved Ready to send","task":{"role":"Disposition Manager","name":"New property Ready to package and send","message":"Package Property and Review with VA Team - %=link(Package Property and Review with VA Team, https://drive.google.com/file/d/1guXNEJQK6uJoCdCfQYqL_dkFrnS3DApH/edit?usp=sharing)%","duedate":"0","actiontype":"Task"}}]"
"Wholesale","Confidence Score","DM Confidence Explanation","Text","3","1.1","","","Acquisition Team","Disposition Manager","","","","","","","","","","","",""
"Wholesale","Confidence Score","DM's Confidence of Assignment by %","Text","3","1.1","https://docs.google.com/document/d/1dgAKISGFaASUWA5Y-PsucoYJKd-x-d7vCrqPguIpImo/edit?usp=sharing","","Acquisition Team","Acquisition Manager","","","","","","","","","","","",""
"Wholesale","Confidence Score","Email Subject:","Text","3","1.1","","","Acquisition Team","Disposition Manager","","","","","","","","","","","",""
"Wholesale","Confidence Score","FlipWolf Main Photo","Attachment","3","1","","","Acquisition Team","Disposition Manager","","","","","","","","","","","",""
"Wholesale","Confidence Score","Is ARV value subject to permits","Option","3","1.1","","","Acquisition Team ","Disposition Manager","","","","","","","","","","","",""
"Wholesale","Confidence Score"," Is value subject to ADU?","Option","3","1.1","","","Acquisition Team ","Disposition Manager","","","","","","","","","","","",""
"Wholesale","Confidence Score","Is wholesale price higher than listing asking price?","Option","3","1.1","","","Acquisition Team ","Disposition Manager","","","","","","","","","","","",""
"Wholesale","Confidence Score","Link to FlipWolf Data","Text","3","1.1","","","Acquisition Team ","Analyst","","","","","","","","","","","",""
"Wholesale","Confidence Score","Link to Pics","Link to webpage","1","1.1","","","Acquisition Team ","Disposition Manager","","","","","","","","","","","",""
"Wholesale","Confidence Score","Link to Social Media Post","Link to webpage","","","","","","","","","","","","","","","","","",""
"Wholesale","Confidence Score","Link to Video","Text","1","1.1","","","Acquisition Team ","Disposition Manager","","","","","","","","","","","",""
"Wholesale","Confidence Score","Management Comments ","Option","3","0.1","","","Acquisition Team ","Super Administrator","","","","","","","","","","","","[{"value":"ISC Interested on property","task":{"role":"Disposition Manager","name":"ISC interested in Property","message":"Discuss interest and price with Management ","duedate":"1","actiontype":"Call"}},{"value":"ISC Interested on property","task":{"role":"Closing Coordinator Acquisition","name":"Check to find out if loans need to be started","message":"if “Interested” Find out if loans are needed at this point from Tony Diaz  %=link(New Wholesale Property Approved by AM - TC Check List,https://docs.google.com/document/d/17Yje71-mQhS3uFEdiPejRsqoFMw65_I7l8wJ-Hhb8FA/edit#bookmark=id.d7f9jsg7poqr)%","duedate":"1","actiontype":"Call","dependfield":""}}]"
"Wholesale","Confidence Score","Obsolesces/Issues ","Option","3","1.1","","","Acquisition Team ","Disposition Manager","","","","","","","","","","","",""
"Wholesale","Confidence Score","Obsolesces/Issues Description","Text","3","1.1","","","Acquisition Team ","Disposition Manager","","","","","","","","","","","",""
"Wholesale","Confidence Score","Occupancy","Option","3","1.1","","","Acquisition Team ","Disposition Manager","","","","","","","","","","","",""
"Wholesale","Confidence Score","Rehab Level","Option","3","1.1","","","Acquisition Team","Disposition Manager","","","","","","","","","","","",""
"Wholesale","Confidence Score","ROI for time/Effort","Option","3","1.1","","","Acquisition Team ","Disposition Manager","","","","","","","","","","","",""
"Wholesale","Confidence Score","Short description for wholesaling  ","Text","3","1.1","","","Acquisition Team ","Disposition Manager","","","","","","","","","","","",""
"Wholesale","Confidence Score","Who drove the comps?","Option","3","1.1","","","Acquisition Team","Acquisition Manager","","","","","","","","","","","",""
"Wholesale","Confidence Score","Who Inspected Property?","Option","3","1.1","","","Acquisition Team","Disposition Manager","","","","","","","","","","","",""
"Wholesale","Confidence Score","Wholesale purchase price over 1M","Option","3","1.1","","","Acquisition Team ","Disposition Manager","","","","","","","","","","","",""
"Wholesale","Confidence Score","Zoning","Option","3","1.1","","","Acquisition Team ","Disposition Manager","","","","","","","","","","","",""
"Wholesale","Development Partner ","Brokerage Managing Listing ","Text","2","2","","","Acquisition Team","Acquisition Manager","","","","","","","","","","","",""
"Wholesale","Development Partner ","Company","Duplicate from Acquisition Information > General > Buyer Owner of Record","","","","","","","","","","","","","","","","","",""
"Wholesale","Development Partner ","Date of DP Agreement ","Date","3","2","","","Acquisition Team","Acquisition Manager","","","","","","","","","","","",""
"Wholesale","Development Partner ","Development Partner Agreement ","Attachment","3","2","","","Acquisition Team","Acquisition Manager","","","","","","","","","","","",""
"Wholesale","Development Partner ","Development Partner Notes ","Text","3","2","","","Acquisition Team","Acquisition Manager","","","","","","","","","","","",""
"Wholesale","Development Partner ","DP Address ","Text","3","2","","","Acquisition Team","Acquisition Manager","","","","","","","","","","","",""
"Wholesale","Development Partner ","DP Email Address ","Text","3","2","","","Acquisition Team","Acquisition Manager","","","","","","","","","","","",""
"Wholesale","Development Partner ","DP Entity Name ","Text","3","2","","","Acquisition Team","Acquisition Manager","","","","","","","","","","","",""
"Wholesale","Development Partner ","DP Phone No. ","Number","3","2","","","Acquisition Team","Acquisition Manager","","","","","","","","","","","",""
"Wholesale","Development Partner ","DP Signer Name ","Text","3","2","","","Acquisition Team","Acquisition Manager","","","","","","","","","","","",""
"Wholesale","Development Partner ","How many points are being charged? (numeric)","Option","3","2","","","Acquisition Team","Acquisition Manager","","","","","","","","","","","",""
"Wholesale","Development Partner ","If 1 Venture Realty, Inc Lists Property","Option","3","2","","","Acquisition Team","Acquisition Manager","","","","","","","","","","","",""
"Wholesale","Development Partner ","Listing Commission ","Text","3","2","","","Acquisition Team","Acquisition Manager","","","","","","","","","","","",""
"Wholesale","Development Partner ","Management Fee ","Duplicate from Accounting > Estimated & Final Accounting > Gross Wholesale Fee ","","","","","","","","","","","","","","","","","",""
"Wholesale","Development Partner ","New Buyer Y/N ","Option","3","2","","","Acquisition Team","Acquisition Manager","","","","","","","","","","","",""
"Wholesale","Development Partner ","Party Managing Construction ","Option","2","2","","","Acquisition Team","Acquisition Manager","","","","","","","","","","","",""
"Wholesale","Development Partner ","Party providing the financing? ","Option","2","2","","","Acquisition Team","Acquisition Manager","","","","","","","","","","","",""
"Wholesale","Development Partner ","Party responsible for costs incurred in providing the Services?","Option","3","2","","","Acquisition Team","Acquisition Manager","","","","","","","","","","","",""
"Wholesale","Development Partner ","Party Responsible for EMD","Option","2","2","","","Acquisition Team","Acquisition Manager","","","","","","","","","","","",""
"Wholesale","Development Partner ","Party responsible for Gap Funds? ","Option","3","2","","","Acquisition Team","Acquisition Manager","","","","","","","","","","","",""
"Wholesale","Development Partner ","Party Responsible for Payments?","Option","3","2","","","Acquisition Team","Acquisition Manager","","","","","","","","","","","",""
"Wholesale","Development Partner ","Party supplying tools, materials, and equipment? ","Option","3","2","","","Acquisition Team","Acquisition Manager","","","","","","","","","","","",""
"Wholesale","Development Partner ","Profit Split to Company ","Option","3","2","","","Acquisition Team","Acquisition Manager","","","","","","","","","","","",""
"Wholesale","Development Partner ","Profit Split to DP","Option","2","2","","","Acquisition Team","Acquisition Manager","","","","","","","","","","","",""
"Wholesale","Development Partner ","Referral Amount ","Text","3","2","","","Acquisition Team","Acquisition Manager","","","","","","","","","","","",""
"Wholesale","Development Partner ","Referral Payee ","Text","3","2","","","Acquisition Team","Acquisition Manager","","","","","","","","","","","",""
"Wholesale","EMD","EMD Amount Refunded","Number","3","4","","","Acquisition Team ","Closing Coordinator Acquisition","","","","","","","","","Buyers EMD Status","","",""
"Wholesale","EMD","EMD Amount Refunded Date","Date","3","4","","","Acquisition Team ","Closing Coordinator Acquisition","","","","","","","","","Buyers EMD Status","","",""
"Wholesale","EMD","EMD Amount Sent","Number","3","3","","","Acquisition Team","Super Administrator","","","","","","","","","","","",""
"Wholesale","EMD","EMD Contract Amount","Duplicate from Acquisition Information > Final Acquisition Contract Terms > Contract EMD Amount","","","","","","","","","","","","","","","","","",""
"Wholesale","EMD","EMD Notes","Text","3","3","","","Acquisition Team","Super Administrator","","","","","","","","","","","",""
"Wholesale","EMD","EMD Sent Date","Date","KPI","3","","","Acquisition Team","Super Administrator","","","","","","","","","","","",""
"Wholesale","EMD","EMD status","Option","1","3","","","Acquisition Team ","Closing Coordinator Acquisition","","","","","","","","","Assigned","","","[{"value":"Sent to Escrow","task":{"role":"Administrator","name":"Wire has been sent to escrow","message":"Wire has been sent to escrow","duedate":"0","actiontype":"FYI"}},{"value":"Approved to Send by AM","task":{"role":"Disposition Manager","name":"EMD Approved","message":"Approved to Send EMD by AM","duedate":"0","actiontype":"FYI"}},{"value":"Cancel transaction if wholesale buyer does not send EMD","task":{"role":"Disposition Manager","name":"Cancel transaction if wholesale buyer does not send EMD","message":"Cancel transaction if wholesale buyer does not send EMD - Talk to ON to see if we have a possibility of a price reduction -  Update %=field(Wholesale,General,Wholesale Status to Cancel)%","duedate":"0","actiontype":"FYI"}},{"value":"Sent to Escrow","task":{"role":"Offer Negotiator","name":"Wire has been sent to escrow","message":"Wire has been sent to escrow","duedate":"0","actiontype":"FYI"}},{"value":"Cancel transaction if wholesale buyer does not send EMD","task":{"role":"Administrator","name":"Cancel transaction if wholesale buyer does not send EMD","message":"Cancel transaction if wholesale buyer does not send EMD","duedate":"0","actiontype":"FYI"}},{"value":"Cancel transaction if wholesale buyer does not send EMD","task":{"role":"Closing Coordinator Acquisition","name":"Cancel transaction if wholesale buyer does not send EMD","message":"Confirm ON has spoken to agent and send cancellation instructions to escrow/Template Cancellation instructions to escrow","duedate":"0","actiontype":"Task"}},{"value":"Refunded","task":{"role":"Closing Coordinator Acquisition","name":"EMD has been refunded","message":"Refund has been received","duedate":"0","actiontype":"FYI"}},{"value":"Refunded","task":{"role":"Acquisition Manager","name":"EMD has been refunded","message":"Refund has been received","duedate":"0","actiontype":"FYI"}},{"value":"Scheduled","task":{"role":"Acquisition Manager","name":"review and approve EMD to go out","message":"Follow the EMD hard approval process - %=link(AM - EMD -  Hard Approval,https://docs.google.com/document/d/1q_nW98Amuskgvaz_DMoQ7TivR4q9A-ZTBXr5rf4iU2w/edit)%","duedate":"0","actiontype":"Task","dependfield":"13308"}},{"value":"EMD Sent by Buyer","task":{"role":"Super Administrator","name":"Deposit Sent by Buyer to Escrow","message":"Deposit Sent by Buyer to Escrow - Check  %=field(Wholesale,Investor / Buyer Information ,Buyers EMD Status)%  - Check cashflow to make sure EMD information is up to date","duedate":"0","actiontype":"Need Review"}},{"value":"Sent by Buyer","task":{"role":"Offer Negotiator","name":"Deposit Sent by Buyer to Escrow","message":"Deposit Sent by Buyer to Escrow - Check  %=field(Wholesale,Investor / Buyer Information ,Buyers EMD Status)%","duedate":"0","actiontype":"FYI"}},{"value":"Cancel transaction if wholesale buyer does not send EMD","task":{"role":"Offer Negotiator","name":"Cancel transaction if wholesale buyer does not send EMD","message":"Cancel transaction if wholesale buyer does not send EMD - Call Agent using Cancelation script - %=link(Scripts for wholesaling,https://docs.google.com/document/d/1sKyBRlesIaUt7R_-0IX0hZXladWqLXUXOEaURNcLDyo/edit#bookmark=id.piakzqvmdkur)% and send Template to agent - Cancellation instructions to agent","duedate":"0","actiontype":"Call"}},{"value":"Approved to Send by AM","task":{"role":"Project Accountant","name":"Set up and Send EMD","message":"Set up EMD to go out - Check %=field(Wholesale,EMD,Wire Instructions)%, check notes for wire confirmation info -  Help Video - %=link(Help Video,https://drive.google.com/file/d/1cPg1kK-Jb_G6gzvRckICiVsOtpblp6gX/view)%","duedate":"0","actiontype":"Task"}},{"value":"Sent to Escrow","task":{"role":"Project Accountant","name":"Wire has been sent to escrow","message":"Wire has been sent to escrow - %=field(Acquisition Information,Documents,Property File Link)%   - look for Folder: Acquisition>Escrow  and update Quick books","duedate":"0","actiontype":"Task"}},{"value":"EMD Sent by Buyer","task":{"role":"Offer Negotiator","name":"Request for EMD refund to ISC to escrow if ISC send initial EMD","message":"Check - %=field(Wholesale,Investor / Buyer Information ,Buyers EMD Status)%  - and Request for EMD refund to ISC to escrow if ISC send initial Escrow  - %=link(Email Templates for Wholesale P&Ps,https://docs.google.com/document/d/1IRx2GUd7amEKpMfh_Wy1np8LcQMPJT1_AZxknIA-ImI/edit#bookmark=id.w7vk8p6b7r12)%Update - %=field(Wholesale,EMD,EMD status)%","duedate":"2","actiontype":"Need Review"}},{"value":"EMD Sent by Buyer","task":{"role":"Project Accountant","name":"Request for EMD refund to ISC to escrow if ISC send initial EMD","message":"Check - %=field(Wholesale,Investor / Buyer Information ,Buyers EMD Status)%  - and Request for EMD refund to ISC to escrow if ISC send initial Escrow  - %=link(Email Templates for Wholesale P&Ps,https://docs.google.com/document/d/1IRx2GUd7amEKpMfh_Wy1np8LcQMPJT1_AZxknIA-ImI/edit#bookmark=id.w7vk8p6b7r12)%Update - %=field(Wholesale,EMD,EMD status)%","duedate":"2","actiontype":"Need Review"}},{"value":"EMD Sent by Buyer","task":{"role":"Closing Coordinator Acquisition","name":"Request for EMD refund to ISC to escrow if ISC send initial EMD","message":"Check - %=field(Wholesale,Investor / Buyer Information ,Buyers EMD Status)%  - and Request for EMD refund to ISC to escrow if ISC send initial Escrow  - %=link(Email Templates for Wholesale P&Ps,https://docs.google.com/document/d/1IRx2GUd7amEKpMfh_Wy1np8LcQMPJT1_AZxknIA-ImI/edit#bookmark=id.w7vk8p6b7r12)%Update - %=field(Wholesale,EMD,EMD status)%","duedate":"2","actiontype":"Need Review"}},{"value":"EMD Sent by Buyer","task":{"role":"Administrator","name":"Request for EMD refund to ISC to escrow if ISC send initial EMD","message":"Check - %=field(Wholesale,Investor / Buyer Information ,Buyers EMD Status)%  - and Request for EMD refund to ISC to escrow if ISC send initial Escrow  - %=link(Email Templates for Wholesale P&Ps,https://docs.google.com/document/d/1IRx2GUd7amEKpMfh_Wy1np8LcQMPJT1_AZxknIA-ImI/edit#bookmark=id.w7vk8p6b7r12)%Update - %=field(Wholesale,EMD,EMD status)%","duedate":"2","actiontype":"Need Review"}},{"value":"EMD Sent by Buyer","task":{"role":"Super Administrator","name":"Request for EMD refund to ISC to escrow if ISC send initial EMD","message":"Check - %=field(Wholesale,Investor / Buyer Information ,Buyers EMD Status)%  - and Request for EMD refund to ISC to escrow if ISC send initial Escrow  - %=link(Email Templates for Wholesale P&Ps,https://docs.google.com/document/d/1IRx2GUd7amEKpMfh_Wy1np8LcQMPJT1_AZxknIA-ImI/edit#bookmark=id.w7vk8p6b7r12)%Update - %=field(Wholesale,EMD,EMD status)%","duedate":"2","actiontype":"Need Review"}},{"value":"Cancel transaction if wholesale buyer does not send EMD","task":{"role":"Closing Coordinator Resale","name":"Cancel transaction if wholesale buyer does not send EMD","message":"Verify EMD has been returned - Update %=field(Wholesale,EMD,EMD Status to Refunded)%","duedate":"2","actiontype":"Task","dependfield":"13308"}},{"value":"Approved to Send by AM","task":{"role":"Closing Coordinator Acquisition","name":"EMD Approved","message":"Approved to Send EMD by AM - %=link(Mngt - Sent Wire process,https://docs.google.com/document/d/1wspF0bi-ZL7Qd15iIv5EDu7cUATPcL9TulEEHJH5mDI/edit)%","duedate":"0","actiontype":"Task"}},{"value":"Scheduled","task":{"role":"Offer Negotiator","name":"ON update info ","message":"ON update info - please QC file - %=link(New Wholesale Property Approved by AM - TC Check List,https://docs.google.com/document/d/17Yje71-mQhS3uFEdiPejRsqoFMw65_I7l8wJ-Hhb8FA/edit)%","duedate":"0","actiontype":"Task"}},{"value":"Sent by Buyer","task":{"role":"Closing Coordinator Acquisition","name":"Give Escrow notification 3rd party deposit","message":"Give Escrow notification 3rd party deposit  - %=link(Transaction and Progress Updates,https://docs.google.com/document/d/1VoG6IgW6UxQr0cRdpvWsr_tPnouzOjkGp6y4Uc7C_os/edit#bookmark=id.ujeb17ma44nh)%","duedate":"0","actiontype":"E-mail"}},{"value":"Approved to Send by AM","task":{"role":"Offer Negotiator","name":"EMD Approved","message":"Approved to Send EMD by AM - %=link(Mngt - Sent Wire process,https://docs.google.com/document/d/1wspF0bi-ZL7Qd15iIv5EDu7cUATPcL9TulEEHJH5mDI/edit)%","duedate":"0","actiontype":"Task"}},{"value":"Approved to Send by AM","task":{"role":"Super Administrator","name":"EMD Approved","message":"Approved to Send EMD by AM","duedate":"0","actiontype":"FYI"}}]"
"Wholesale","EMD","EMD Status Date","Date","1","0.1","","","Acquisition Team ","Closing Coordinator Acquisition","","","","","","","","","","","",""
"Wholesale","EMD","Wire Instructions","Link to webpage","3","4","","","Acquisition Team","Closing Coordinator Acquisition","","","","","","","","","","","",""
"Wholesale","General","Acquisition purchase price","Duplicate from Acquisition Information > Final Acquisition Contract Terms > Contract Purchase Price","","","","","","Closing Coordinator Acquisition","","","","","","","","","","","",""
"Wholesale","General","Address","Duplicate from System > General > Address","","","","","","Closing Coordinator Acquisition","","","","","","","","","","","",""
"Wholesale","General","ARV","Number","3","1.1","","=idx_IA("future_value")","Acquisition Team ","Disposition Manager","","","","","","","","","","","",""
"Wholesale","General","Estimated Rehab","Number","3","1.1","","=idx_IA("repair_cost")","Acquisition Team","Disposition Manager","","","","","","","","","","","",""
"Wholesale","General","Forecasted Wholesale Fee","Number","3","1.1","","","Acquisition Team","Disposition Manager","","","","","","","","","","","",""
"Wholesale","General","Intent For Property","Duplicate from Acquisition Information > General > Intent For Property","","","","","","Closing Coordinator Acquisition","","","","","","","","","","","",""
"Wholesale","General","Offer Negotiator ","Duplicate from Acquisition Information > General > Offer Negotiator","3","1","","","Acquisition Team","Closing Coordinator Acquisition","","","","","","","","","","","",""
"Wholesale","General","Possession at COE","Option","3","0","","","Acquisition Team","Closing Coordinator Acquisition","","","","","","","","","Offer Accepted Date","","","[{"value":"Will Keep Tenant","task":{"role":"Acquisition Manager","name":"Occupancy Issues after COE","message":"Confirm the occupancy issues has been addressed  ","duedate":"0","actiontype":"Task"}},{"value":"Seller will stay after COE","task":{"role":"Acquisition Manager","name":"Occupancy Issues after COE","message":"Confirm the occupancy issues has been addressed  ","duedate":"0","actiontype":"Task"}}]"
"Wholesale","General","Required Double Escrow","Option","2","0","","","Acquisition Team ","Closing Coordinator Acquisition","","","","","","","","","","","",""
"Wholesale","General","Sale Price to wholesale buyer","Number","3","1.1","","","Acquisition Team","Disposition Manager","","","","","","","","","","","",""
"Wholesale","General","Sales Type","Duplicate from Acquisition Information > General > Sale Type","","","","","","Closing Coordinator Acquisition","","","","","","","","","","","",""
"Wholesale","General","TC ","Duplicate from Acquisition Information > General > Transaction Coordinator","","","","","","Closing Coordinator Acquisition","","","","","","","","","","","","[{"value":"*","task":{"role":"Closing Coordinator Resale","name":"Project Assigned ","message":"You have been assigned as the TC for... ","duedate":"0","actiontype":"Task"}}]"
"Wholesale","General","Wholesale Notes","Text","","","","","","","","","","","","","","","","","",""
"Wholesale","General","Wholesale Status","Option","2","1.1","","","Acquisition Team","Disposition Manager","","","","","","","","","","Wholesale Status","","[{"value":"Canceled","task":{"role":"Closing Coordinator Acquisition","name":"Cancel Escrow ","message":"Send Cancelation instructions to escrow Template - Cancelation instructions to escrow  and Template -  Cancelation instructions to agent ","duedate":"0","actiontype":"Task"}},{"value":"Assigned/wholesale","task":{"role":"Administrator","name":"Property was Assigned ","message":"Property was Assigned by DM","duedate":"0","actiontype":"FYI"}},{"value":"Canceled","task":{"role":"Acquisition Manager","name":"Notification of Canceled Escrow","message":"Cancelation instructions ware sent to agent and escrow ","duedate":"0","actiontype":"FYI"}},{"value":"Canceled","task":{"role":"Offer Negotiator","name":"Notification of Canceled Escrow","message":"Cancelation instructions ware sent to agent and escrow ","duedate":"0","actiontype":"FYI"}},{"value":"Canceled","task":{"role":"Disposition Manager","name":"Notification of Canceled Escrow","message":"Cancelation instructions ware sent to agent and escrow ","duedate":"0","actiontype":"FYI"}},{"value":"Canceled","task":{"role":"Super Administrator","name":"Notification of Canceled Escrow","message":"Cancelation instructions ware sent to agent and escrow ","duedate":"0","actiontype":"FYI"}},{"value":"Assigned/wholesale","task":{"role":"Super Administrator","name":"Property was Assigned ","message":"Property was Assigned by DM","duedate":"0","actiontype":"FYI"}},{"value":"Assigned/wholesale","task":{"role":"Field Analyst","name":"Update property to  Pending","message":"Update to Pending in https://fairclose.com/properties/","duedate":"0","actiontype":"Task"}},{"value":"Assigned/wholesale","task":{"role":"Offer Negotiator","name":"Property was Assigned ","message":"Property was Assigned by DM - Call Agent using script - %=link(Scripts for wholesaling ,https://docs.google.com/document/d/1sKyBRlesIaUt7R_-0IX0hZXladWqLXUXOEaURNcLDyo/edit#bookmark=id.t91tqwgsp6cl)%","duedate":"0","actiontype":"Call","dependfield":""}},{"value":"Assigned/wholesale","task":{"role":"Disposition Manager","name":"New Buyers EMD Process","message":"Confrim Buyer Wired EMD- Follow the process -%=link(TC & DM - New Buyers EMD Process ,https://docs.google.com/document/d/1b8va2OZxxjQ8fKS9L_cAyZrQtYtFtyRzZOqFmQH8Yik/edit)%","duedate":"1","actiontype":"Task","dependfield":""}},{"value":"Canceled","task":{"role":"null","name":"Follow up on EMD Refund","message":"Follow up on EMD refund and update %=field(Wholesale,EMD,EMD status)% close out files, change status to Pass and  update offer status in IDX to cancel FEC","duedate":"2","actiontype":"Task","dependfield":""}},{"value":"Assigned/wholesale","task":{"role":"Acquisition Manager","name":"Review file and approve removal of contingencies ","message":"Review file and approve removal of contingencies - %=link(AM - Removal of Contingencies Hard Approval,https://docs.google.com/document/d/1J4xzOA8AmMo3EcP2J3v3RKCPrqfn3bg61XrLL8lALCE/edit?usp=sharing)%","duedate":"0","actiontype":"Task","dependfield":""}},{"value":"Assigned/wholesale","task":{"role":"null","name":"New Buyers EMD Process","message":"Determine where the buyers EMD needs to go - Follow the process -%=link(TC & DM - New Buyers EMD Process,https://docs.google.com/document/d/1b8va2OZxxjQ8fKS9L_cAyZrQtYtFtyRzZOqFmQH8Yik/edit)%","duedate":"0","actiontype":"Task","dependfield":""}}]"
"Wholesale","Inspection ","Access Combo","Duplicate from Acquisition Information > General > Access Combo","","","","","","","","","","","","","","","","","",""
"Wholesale","Inspection ","Due Diligence Completed","Duplicate from Due Diligence > Milestones > DD Completed","","","","","","","","","","","","","","","","","",""
"Wholesale","Inspection ","L/A Lock Box Type","Duplicate from Acquisition Information > General > Access / LA Lock Box Type","","","","","","","","","","","","","","","","","",""
"Wholesale","Inspection ","Occupant Type","Duplicate from Acquisition Information > General > Occupant Type","","","","","","","","","","","","","","","","","",""
"Wholesale","Inspection ","Physical Inspection Contingency Removal","Option","2","3","","","Acquisition Team","Acquisition Manager","","","","","","","","","","","",""
"Wholesale","Inspection ","Physical Inspection Expiration","Duplicate from Acquisition Information > Milestones > DD Deadline","","","","","","","","","","","","","","","","","",""
"Wholesale","Investor / Buyer Information ","AOAA/Vesting Amendment FEC","Attachment","3","3","","","Acquisition Team","Disposition Manager","","","","","","","","","","","",""
"Wholesale","Investor / Buyer Information "," AOAA/Vesting Amendment Status","Option","2","3","","","Acquisition Team","Disposition Manager","","","","","","","","","","","","[{"value":"*","task":{"role":"Closing Coordinator Resale","name":"LOC notification","message":"Send Escrow Template: LOC notification to escrow and Send Agent Template: LOC notification to agent   Instructions-   %=link(TC - Transaction and Progress Updates,https://docs.google.com/document/d/1VoG6IgW6UxQr0cRdpvWsr_tPnouzOjkGp6y4Uc7C_os/edit#bookmark=id.j5nktwjd9smj)%","duedate":"2","actiontype":"E-mail","dependfield":""}}]"
"Wholesale","Investor / Buyer Information "," Assignment conversation with representing agent","Option","2","3","","","Acquisition Team ","Disposition Manager","","","","","","","","","","","","[{"value":"Approved","task":{"role":"Disposition Manager","name":"Assignment approved by agent","message":"Assignment approved by agent -","duedate":"0","actiontype":"FYI"}},{"value":"Approved","task":{"role":"Acquisition Manager","name":"Assignment approved by agent","message":"Assignment approved by agent -","duedate":"0","actiontype":"FYI"}},{"value":"Approved","task":{"role":"Administrator","name":"Assignment approved by agent","message":"Assignment approved by agent","duedate":"0","actiontype":"FYI"}},{"value":"Approved","task":{"role":"Super Administrator","name":"Assignment approved by agent","message":"Assignment approved by agent","duedate":"0","actiontype":"FYI"}},{"value":"Not approved - Escalated","task":{"role":"Super Administrator","name":"Assignment NOT approved by agent","message":"Assignment NOT approved by agent - Call ON ","duedate":"0","actiontype":"Call"}},{"value":"Approved","task":{"role":"null","name":"Assignment approved by agent","message":"Assignment approved by agent - start AoAA process - %=link(TC - Transaction and Progress Updates, https://docs.google.com/document/d/1VoG6IgW6UxQr0cRdpvWsr_tPnouzOjkGp6y4Uc7C_os/edit#bookmark=id.674xl99cx25j)%","duedate":"0","actiontype":"Task","dependfield":""}},{"value":"Initiated","task":{"role":"Offer Negotiator","name":"Fanalize assignment conversation with agent ","message":"Final assignment conversation with agent  - %=link(Scripts for wholesaling, https://docs.google.com/document/d/1sKyBRlesIaUt7R_-0IX0hZXladWqLXUXOEaURNcLDyo/edit#heading=h.4tblaj2o194)%","duedate":"1","actiontype":"Call","dependfield":""}},{"value":"Agent informed waiting for approval","task":{"role":"Offer Negotiator","name":"Fanalize assignment conversation with agent ","message":"Final assignment conversation with agent  - %=link(Scripts for wholesaling, https://docs.google.com/document/d/1sKyBRlesIaUt7R_-0IX0hZXladWqLXUXOEaURNcLDyo/edit#heading=h.4tblaj2o194)%","duedate":"1","actiontype":"Call","dependfield":""}},{"value":"Agent informed waiting for approval","task":{"role":"Offer Negotiator","name":"Fanalize assignment conversation with agent ","message":"Final assignment conversation with agent  - %=link(Scripts for wholesaling, https://docs.google.com/document/d/1sKyBRlesIaUt7R_-0IX0hZXladWqLXUXOEaURNcLDyo/edit#heading=h.4tblaj2o194)%","duedate":"1","actiontype":"Call","dependfield":""}}]"
"Wholesale","Investor / Buyer Information ","Assignment Fee Received Date","Date","3","11","","","Accounting","Project Accountant","","","","","","","","","","","",""
"Wholesale","Investor / Buyer Information ","Buyer Corporate Documents","Attachment","3","3","","","Acquisition Team ","Disposition Manager","","","","","","","","","","","",""
"Wholesale","Investor / Buyer Information ","Buyers EMD Amount","Number","3","3","","","Acquisition Team ","Disposition Manager","","","","","","","","","","","",""
"Wholesale","Investor / Buyer Information ","Buyers EMD Status","Option","2","3","","","Acquisition Team ","Disposition Manager","","","","","","","","","","","","[{"value":"*","task":{"role":"Closing Coordinator Resale","name":"Call buyers lender for loan update and update","message":"Call buyers lender for loan update and update - %=field(Wholesale,Investor / Buyer Information ,Buyers loan status)%","duedate":"17","actiontype":"Call"}},{"value":"Refunded ISC directly","task":{"role":"Closing Coordinator Resale","name":"Start AoAA process ","message":"Follow the instructions for AoAA- %=link(TC - Transaction and Progress Updates, https://docs.google.com/document/d/1VoG6IgW6UxQr0cRdpvWsr_tPnouzOjkGp6y4Uc7C_os/edit#bookmark=id.ujeb17ma44nh)%","duedate":"0","actiontype":"Task","dependfield":""}},{"value":"Sent to AB escrow","task":{"role":"Closing Coordinator Resale","name":"Start AoAA process ","message":"Follow the instructions for AoAA- %=link(TC - Transaction and Progress Updates, https://docs.google.com/document/d/1VoG6IgW6UxQr0cRdpvWsr_tPnouzOjkGp6y4Uc7C_os/edit#bookmark=id.ujeb17ma44nh)%","duedate":"0","actiontype":"Task","dependfield":""}},{"value":"Sent to BC Escrow","task":{"role":"Closing Coordinator Resale","name":"Start AoAA process ","message":"Follow the instructions for AoAA- %=link(TC - Transaction and Progress Updates, https://docs.google.com/document/d/1VoG6IgW6UxQr0cRdpvWsr_tPnouzOjkGp6y4Uc7C_os/edit#bookmark=id.ujeb17ma44nh)%","duedate":"0","actiontype":"Task","dependfield":""}}]"
"Wholesale","Investor / Buyer Information ","Buyers EMD Status Date","Date","2","3","","","Acquisition Team ","Disposition Manager","","","","","","","","","","","",""
"Wholesale","Investor / Buyer Information ","Buyers First and Last","Text","3","3","","","Acquisition Team ","Disposition Manager","","","","","","","","","","","",""
"Wholesale","Investor / Buyer Information ","Buyers loan status","Option","1","3","","","Acquisition Team ","Closing Coordinator Acquisition","","","","","","","","","","","",""
"Wholesale","Investor / Buyer Information ","Buying Entity or Name","Text","3","3","","","Acquisition Team","Disposition Manager","","","","","","","","","","","","[{"value":"*","task":{"role":"Closing Coordinator Acquisition","name":"New Project ","message":"Review data in wholesale section and start process","duedate":"0","actiontype":"Task"}}]"
"Wholesale","Investor / Buyer Information ","Does lender do double Escrows?","Option","2","3","","","Acquisition Team ","Disposition Manager","","","","","","","","","","","",""
"Wholesale","Investor / Buyer Information ","Investor Email Address","Text","3","3","","","Acquisition Team","Disposition Manager","","","","","","","","","Investor Name","","",""
"Wholesale","Investor / Buyer Information ","Investor Lenders First and Last Name","Text","3","3","","","Acquisition Team ","Disposition Manager","","","","","","","","","","","",""
"Wholesale","Investor / Buyer Information ","Investors Assignment Fully Executed Contract","Link to webpage","KPI","3","","","Acquisition Team","Disposition Manager","","","","","","","","","Assigned","","","[{"value":"*","task":{"role":"Administrator","name":"Assignment contract is signed by buyers","message":"Assignment contract is signed by buyers","duedate":"0","actiontype":"FYI"}},{"value":"*","task":{"role":"Super Administrator","name":"Assignment contract is signed by buyers","message":"Assignment contract is signed by buyers","duedate":"0","actiontype":"FYI"}},{"value":"*","task":{"role":"Acquisition Manager","name":"Assignment contract is signed by buyers","message":"Assignment contract is signed by buyers","duedate":"0","actiontype":"FYI"}},{"value":"*","task":{"role":"Closing Coordinator Resale","name":"Assignment contract is signed by buyers","message":"Follow AoAA process  - %=link(TC - Transaction and Progress Updates ,https://docs.google.com/document/d/1VoG6IgW6UxQr0cRdpvWsr_tPnouzOjkGp6y4Uc7C_os/edit#bookmark=id.i2edcwibr1z)%","duedate":"0","actiontype":"Task"}},{"value":"*","task":{"role":"Offer Negotiator","name":"Property is assigned/wholesaled","message":"Set up conversation with agent to initiate assignment using script - %=link(ON - Setting up AoAA, https://docs.google.com/document/d/1SpQj0eZorCLqmMDWI1YiWDu9oT787UDjsDNUE-jaeS4/edit)%","duedate":"0","actiontype":"Call","dependfield":""}}]"
"Wholesale","Investor / Buyer Information ","Investors Buyers cell","Text","3","3","","","Acquisition Team ","Disposition Manager","","","","","","","","","","","",""
"Wholesale","Investor / Buyer Information ","Investors estimated COE","Date","3","3","","","Acquisition Team ","Disposition Manager","","","","","","","","","","","",""
"Wholesale","Investor / Buyer Information ","Investors Lender email","Text","3","3","","","Acquisition Team ","Disposition Manager","","","","","","","","","","","",""
"Wholesale","Investor / Buyer Information ","Investors Lender Name","Text","3","3","","","Acquisition Team ","Disposition Manager","","","","","","","","","","","",""
"Wholesale","Investor / Buyer Information ","Investors Lender phone","Text","3","3","","","Acquisition Team ","Disposition Manager","","","","","","","","","","","",""
"Wholesale","Investor / Buyer Information ","Investors Offer Price ","Number","2","3","","","Acquisition Team","Disposition Manager","","","","","","","","","","","",""
"Wholesale","Investor / Buyer Information ","Investors Open/Closed Report","Text","3","3","","","Acquisition Team ","Disposition Manager","","","","","","","","","","","",""
"Wholesale","Investor / Buyer Information ","Investor TC ","Text","3","3","","","Acquisition Team","Disposition Manager","","","","","","","","","","","",""
"Wholesale","Investor / Buyer Information ","Investor TC Email","Text","3","3","","","Acquisition Team","Disposition Manager","","","","","","","","","","","",""
"Wholesale","Investor / Buyer Information ","Investor TC Phone","Text","3","3","","","Acquisition Team","Disposition Manager","","","","","","","","","","","",""
"Wholesale","Investor / Buyer Information ","Link to 365 Report","Link to webpage","3","3","","","Acquisition Team ","Disposition Manager","","","","","","","","","","","",""
"Wholesale","Investor / Buyer Information "," Link to corporate profile","Link to webpage","3","3","","","Acquisition Team ","Disposition Manager","","","","","","","","","","","",""
"Wholesale","Investor / Buyer Information ","LOC documents","Attachment","3","3","","","Acquisition Team ","Disposition Manager","","","","","","","","","","","",""
"Wholesale","Investor / Buyer Information ","POF","Attachment","3","3","","","Acquisition Team ","Disposition Manager","","","","","","","","","","","",""
"Wholesale","Investor / Buyer Information ","Primary Signer First and Last","Text","3","3","","","Acquisition Team ","Disposition Manager","","","","","","","","","","","",""
"Wholesale","Investor / Buyer Information ","Required Double Escrow","Duplicate from Wholesale > General > Required Double Escrow","2","0","","","Acquisition Team ","Acquisition Manager","","","","","","","","","","","",""
"Wholesale","Investor / Buyer Information ","Secondary Signer First and Last","Text","3","3","","","Acquisition Team ","Disposition Manager","","","","","","","","","","","",""
"Wholesale","Investor / Buyer Information ","Verification of wholesale fee in Escrow","Date","1","5","","","Acquisition Team","Closing Coordinator Acquisition","","","","","","","","","","","",""
"Wholesale","Investor / Buyer Information ","Wholesale Status","Duplicate from Wholesale > General > Wholesale Status","","","","","","","","","","","","","","","","","",""
"Wholesale","Listing Agent","Listing Agent Email","Duplicate from Acquisition Information > Listing Agent Information > Listing Agent Email Address","","","","","","","","","","","","","","","","","",""
"Wholesale","Listing Agent","Listing Agent Name","Duplicate from Acquisition Information > Listing Agent Information > Listing Agent First Name","","","","","","","","","","","","","","","","","",""
"Wholesale","Listing Agent","Listing Agent Phone","Duplicate from Acquisition Information > Listing Agent Information > Listing Agent Cell Phone","","","","","","","","","","","","","","","","","",""
"Wholesale","Listing Agent","TC Email","Duplicate from Acquisition Escrow > Contact - TC for Agent > TC Email","","","","","","","","","","","","","","","","","",""
"Wholesale","Listing Agent","TC Name","Duplicate from Acquisition Escrow > Contact - TC for Agent > TC Name","","","","","","","","","","","","","","","","","",""
"Wholesale","Listing Agent","TC Phone #","Duplicate from Acquisition Escrow > Contact - TC for Agent > TC Phone #","","","","","","","","","","","","","","","","","",""
"Wholesale","Milestones","Contract Close of Escrow Days","Duplicate from Acquisition Information > Final Acquisition Contract Terms > Contract Close of Escrow Days","","","","","","","","","","","","","","","","","",""
"Wholesale","Milestones","Contract Estimated COE","Duplicate from Acquisition Information > Milestones > Contract Estimated COE","","","","","","","","","","","","","","","","","",""
"Wholesale","Milestones","DD Deadline","Duplicate from Acquisition Information > Milestones > DD Deadline","","","","","","Closing Coordinator Acquisition","","","","","","","","","","","",""
"Wholesale","Milestones","EMD  Deadline ","Duplicate from Acquisition Information > Milestones > EMD Deadline","","","","","","","","","","","","","","","","","",""
"Wholesale","Milestones","Offer Accepted Date","Duplicate from Acquisition Information > Milestones > Offer Accepted Date","KPI","","","","Acquisition Team","Offer Negotiator","","","","","","","","","","Offer Accepted Date","","[{"value":"*","task":{"role":"null","name":"ON has completed \"ON Check List\"","message":"ON has completed \"ON Check List\" file ready to be reviewed -  %=link(New Wholesale Property Approved by AM - TC Check List,https://docs.google.com/document/d/17Yje71-mQhS3uFEdiPejRsqoFMw65_I7l8wJ-Hhb8FA/edit)%","duedate":"0","actiontype":"Task","dependfield":""}}]"
"Wholesale","Milestones","Removal of Contingencies Hard Approval Date","Date","1","3","","","Acquisition Team ","Acquisition Manager","","","","","","","","","","","","[{"value":"*","task":{"role":"Closing Coordinator Acquisition","name":"Request Discount from Escrow","message":"Send Escrow Template:  “Call me email” to ask for discount from escrow\"","duedate":"5","actiontype":"E-mail"}},{"value":"*","task":{"role":"Offer Negotiator","name":"Confirm Final Purchase price ","message":"Only update the following field if the original purchase price has changed - %=field( Acquisition Information,Final Acquisition Contract Terms,Amended Contract Purchase Price )%","duedate":"0","actiontype":"Task"}},{"value":"*","task":{"role":"Closing Coordinator Resale","name":"Approval to remove contingencies by AM","message":"Approval to remove contingencies by AM - Send representing agent template \"Removal of Contingencies\"  or  CC CAR for if we are representing ourselves -  %=link(TC - Transaction and Progress Updates, https://docs.google.com/document/d/1VoG6IgW6UxQr0cRdpvWsr_tPnouzOjkGp6y4Uc7C_os/edit#bookmark=id.buxo01lnq9b)%","duedate":"0","actiontype":"E-mail","dependfield":""}}]"
"Wholesale","Milestones","Start Project Date","Duplicate from Acquisition Information > Milestones > Start Project Date","","","","","","","","","","","","","","","","","",""
"Wholesale","Other Costs and Credits ","Explanation of Other Costs and Credits","Text","3","0","","","Acquisition Team","Acquisition Manager","","","","","","","","","","","",""
"Wholesale","Other Costs and Credits ","Other Cost or Credits Outside of Escrow/Contract ","Duplicate from Acquisition Information > Other Cost or Credits > Other Cost or Credits Outside of Escrow/Contract","","","","","","","","","","","","","","","","","",""
"Wholesale","Selling Agent","Selling Agent Cell Phone","Duplicate from Acquisition Information > Selling Agent Information > Selling Agent Cell Phone","","","","","","","","","","","","","","","","","",""
"Wholesale","Selling Agent","Selling Agent Email Address","Duplicate from Acquisition Information > Selling Agent Information > Selling Agent Email Address","","","","","","","","","","","","","","","","","",""
"Wholesale","Selling Agent","Selling Agent First Name","Duplicate from Acquisition Information > Selling Agent Information > Selling Agent First Name","","","","","","","","","","","","","","","","","",""
"Wholesale","Selling Agent","Selling Agent Last Name","Duplicate from Acquisition Information > Selling Agent Information > Selling Agent Last Name","","","","","","","","","","","","","","","","","",""
